OpenTime,Open,High,Low,Close,Volume,CloseTime,QuoteAssetVolume,NumberOfTrades,TakerBuyBaseVolume,TakerBuyQuoteVolume
2026-03-23T22:00:00.000Z,70851.36000000,70896.76000000,70520.22000000,70780.22000000,279.98300000,2026-03-23T22:59:59.999Z,19787285.56358120,106672,124.72015000,8815077.45779140
2026-03-23T23:00:00.000Z,70780.22000000,70998.00000000,70404.39000000,70906.45000000,368.14332000,2026-03-23T23:59:59.999Z,26029729.79911020,116439,195.79574000,13845511.39645690
2026-03-24T00:00:00.000Z,70906.45000000,71099.96000000,70423.36000000,70679.20000000,735.82970000,2026-03-24T00:59:59.999Z,52063466.79721130,179012,348.91554000,24696127.87104820
2026-03-24T01:00:00.000Z,70679.20000000,70891.53000000,70278.46000000,70516.57000000,730.30371000,2026-03-24T01:59:59.999Z,51552200.88129830,152627,308.74452000,21816620.78175920
2026-03-24T02:00:00.000Z,70516.57000000,70698.00000000,70369.46000000,70453.37000000,431.98798000,2026-03-24T02:59:59.999Z,30466918.51982140,128346,205.69315000,14508573.50492760
2026-03-24T03:00:00.000Z,70453.38000000,70583.36000000,70404.54000000,70542.90000000,380.97532000,2026-03-24T03:59:59.999Z,26853045.41811220,97350,172.38846000,12150363.61868650
2026-03-24T04:00:00.000Z,70542.90000000,70741.64000000,70247.91000000,70372.44000000,474.91642000,2026-03-24T04:59:59.999Z,33468232.64657620,107640,175.45645000,12371213.06284660
2026-03-24T05:00:00.000Z,70372.45000000,70374.38000000,70119.06000000,70283.85000000,641.69358000,2026-03-24T05:59:59.999Z,45070852.17777210,119949,266.09114000,18688182.32234970
2026-03-24T06:00:00.000Z,70283.84000000,70572.83000000,70253.23000000,70541.38000000,850.05748000,2026-03-24T06:59:59.999Z,59847193.02414730,108110,378.02709000,26619988.57593060
2026-03-24T07:00:00.000Z,70541.39000000,71400.00000000,70488.00000000,71291.70000000,1722.67702000,2026-03-24T07:59:59.999Z,122202364.77204140,189414,887.04183000,62925660.29130050
2026-03-24T08:00:00.000Z,71291.70000000,71349.10000000,70850.11000000,70964.15000000,725.27631000,2026-03-24T08:59:59.999Z,51536886.80347410,138808,272.54121000,19369114.73282180
2026-03-24T09:00:00.000Z,70964.16000000,71368.61000000,70851.77000000,71316.97000000,511.50447000,2026-03-24T09:59:59.999Z,36378678.17209850,116743,281.85817000,20044216.70705800
2026-03-24T10:00:00.000Z,71316.98000000,71328.59000000,71078.09000000,71272.87000000,680.81546000,2026-03-24T10:59:59.999Z,48487843.38373030,112622,342.16617000,24367909.33861760
2026-03-24T11:00:00.000Z,71272.87000000,71327.26000000,70964.94000000,71157.77000000,560.33228000,2026-03-24T11:59:59.999Z,39860053.20405810,136770,332.95753000,23688403.83725480
2026-03-24T12:00:00.000Z,71157.77000000,71177.66000000,70860.18000000,70956.48000000,460.81810000,2026-03-24T12:59:59.999Z,32706339.98693000,124099,179.41110000,12735276.04674510
2026-03-24T13:00:00.000Z,70956.48000000,71059.59000000,69968.02000000,70100.46000000,1729.62355000,2026-03-24T13:59:59.999Z,121812661.28653820,345875,577.98892000,40716365.13596180
2026-03-24T14:00:00.000Z,70100.46000000,70462.91000000,69507.34000000,69869.93000000,1973.02189000,2026-03-24T14:59:59.999Z,137890893.59551350,430775,889.24156000,62155540.41327670
2026-03-24T15:00:00.000Z,69869.93000000,70255.37000000,69770.85000000,69873.04000000,1419.67177000,2026-03-24T15:59:59.999Z,99418672.63641590,298117,737.04580000,51641483.95519310
2026-03-24T16:00:00.000Z,69873.04000000,70001.92000000,69340.08000000,69476.87000000,889.76128000,2026-03-24T16:59:59.999Z,61969153.62340480,227733,363.29246000,25312450.28423110
2026-03-24T17:00:00.000Z,69476.88000000,69512.73000000,68923.07000000,69238.43000000,1294.24297000,2026-03-24T17:59:59.999Z,89493283.24084220,285284,596.57536000,41258895.71187610
2026-03-24T18:00:00.000Z,69238.44000000,69746.40000000,69168.64000000,69430.24000000,808.06583000,2026-03-24T18:59:59.999Z,56104059.14223480,188647,415.35515000,28839523.90175110
2026-03-24T19:00:00.000Z,69430.25000000,69700.00000000,69277.04000000,69377.33000000,547.42601000,2026-03-24T19:59:59.999Z,38041000.31379310,119554,291.68374000,20271124.59921340
2026-03-24T20:00:00.000Z,69377.33000000,70295.54000000,69296.15000000,70093.19000000,1018.45154000,2026-03-24T20:59:59.999Z,71265625.77022620,228994,614.78938000,43017177.55975640
2026-03-24T21:00:00.000Z,70093.19000000,70400.00000000,69901.39000000,70332.93000000,686.65263000,2026-03-24T21:59:59.999Z,48165041.60474480,120092,349.77796000,24535457.46071820
2026-03-24T22:00:00.000Z,70332.93000000,70586.86000000,70140.50000000,70316.96000000,686.91503000,2026-03-24T22:59:59.999Z,48341500.09786180,118774,301.35997000,21206478.60726870
2026-03-24T23:00:00.000Z,70316.96000000,70832.54000000,70270.00000000,70556.74000000,741.40211000,2026-03-24T23:59:59.999Z,52365262.11111800,115993,443.44777000,31317890.97431990
2026-03-25T00:00:00.000Z,70556.74000000,71100.28000000,70476.90000000,70840.75000000,784.33083000,2026-03-25T00:59:59.999Z,55558208.58821360,134813,502.33008000,35589394.24214770
2026-03-25T01:00:00.000Z,70840.75000000,70977.35000000,70629.72000000,70677.18000000,624.19197000,2026-03-25T01:59:59.999Z,44180116.42160410,115626,260.26494000,18421771.13749170
2026-03-25T02:00:00.000Z,70677.19000000,70781.39000000,70490.77000000,70531.09000000,582.86416000,2026-03-25T02:59:59.999Z,41164058.80327500,98739,250.20651000,17675693.65994310
2026-03-25T03:00:00.000Z,70531.10000000,70808.37000000,70408.00000000,70716.70000000,513.15296000,2026-03-25T03:59:59.999Z,36204302.05492940,97953,230.92617000,16297850.41767860
2026-03-25T04:00:00.000Z,70716.70000000,70977.49000000,70703.83000000,70968.64000000,623.46021000,2026-03-25T04:59:59.999Z,44155662.46162140,84444,328.28151000,23248831.11606740
2026-03-25T05:00:00.000Z,70968.64000000,71345.00000000,70940.00000000,71117.66000000,850.19172000,2026-03-25T05:59:59.999Z,60511179.89169800,126750,450.52945000,32062003.65999140
2026-03-25T06:00:00.000Z,71117.65000000,71260.00000000,70984.67000000,70991.83000000,934.75878000,2026-03-25T06:59:59.999Z,66521455.91246210,92794,489.62896000,34847125.86255380
2026-03-25T07:00:00.000Z,70991.82000000,71270.11000000,70891.31000000,70926.88000000,470.72474000,2026-03-25T07:59:59.999Z,33448859.29279020,91663,178.64052000,12696641.79814370
2026-03-25T08:00:00.000Z,70926.88000000,71503.94000000,70800.00000000,71248.39000000,1150.83138000,2026-03-25T08:59:59.999Z,82017365.87121800,161877,621.09047000,44300954.39778900
2026-03-25T09:00:00.000Z,71248.40000000,71415.12000000,71101.99000000,71345.91000000,598.42707000,2026-03-25T09:59:59.999Z,42657853.09045660,102886,332.09320000,23676487.56346050
2026-03-25T10:00:00.000Z,71345.91000000,71641.91000000,71291.69000000,71501.39000000,485.22161000,2026-03-25T10:59:59.999Z,34669351.32194260,102655,272.39305000,19462451.13195910
2026-03-25T11:00:00.000Z,71501.40000000,72026.09000000,71470.49000000,71678.97000000,1053.03231000,2026-03-25T11:59:59.999Z,75596857.45769080,164755,618.72832000,44432099.66353120
2026-03-25T12:00:00.000Z,71678.97000000,71955.17000000,71105.43000000,71715.24000000,1032.92186000,2026-03-25T12:59:59.999Z,73855260.73157430,222476,450.96839000,32261181.30682470
2026-03-25T13:00:00.000Z,71715.24000000,71963.71000000,71515.84000000,71581.42000000,982.27587000,2026-03-25T13:59:59.999Z,70476068.31710780,243148,413.44611000,29670465.19848030
2026-03-25T14:00:00.000Z,71581.42000000,71699.87000000,71230.51000000,71234.28000000,810.44092000,2026-03-25T14:59:59.999Z,57880870.21727420,231368,324.78535000,23196922.46718950
2026-03-25T15:00:00.000Z,71234.28000000,71301.37000000,70530.47000000,70832.99000000,1384.84596000,2026-03-25T15:59:59.999Z,98160696.97169700,253581,507.99650000,36020902.77654950
2026-03-25T16:00:00.000Z,70832.99000000,71752.88000000,70719.26000000,71324.01000000,1283.82328000,2026-03-25T16:59:59.999Z,91513901.33963800,222753,764.53158000,54489250.00788490
2026-03-25T17:00:00.000Z,71324.01000000,71389.14000000,70720.38000000,70779.00000000,662.98589000,2026-03-25T17:59:59.999Z,47091422.04087550,167487,272.18968000,19328124.74810200
2026-03-25T18:00:00.000Z,70778.99000000,71149.07000000,70681.07000000,70810.34000000,535.29926000,2026-03-25T18:59:59.999Z,37953343.51561650,140697,272.80668000,19343915.79158370
2026-03-25T19:00:00.000Z,70810.34000000,71093.37000000,70777.51000000,70883.31000000,513.05944000,2026-03-25T19:59:59.999Z,36388337.12842570,121601,296.15332000,21004951.45094120
2026-03-25T20:00:00.000Z,70883.32000000,71058.82000000,70646.34000000,71009.50000000,573.58151000,2026-03-25T20:59:59.999Z,40616848.81383540,80576,247.34199000,17520071.93913090
2026-03-25T21:00:00.000Z,71009.50000000,71175.00000000,70949.30000000,71035.24000000,379.86408000,2026-03-25T21:59:59.999Z,26982943.25911110,65254,190.79629000,13551993.66435330
2026-03-25T22:00:00.000Z,71035.25000000,71594.11000000,70947.61000000,71369.08000000,505.87572000,2026-03-25T22:59:59.999Z,36057415.57215480,95958,296.22366000,21114970.49251360
2026-03-25T23:00:00.000Z,71369.07000000,71511.83000000,71189.55000000,71336.53000000,383.33913000,2026-03-25T23:59:59.999Z,27355609.46422010,79048,247.42514000,17660928.39785550
2026-03-26T00:00:00.000Z,71336.53000000,71436.82000000,71142.38000000,71299.27000000,548.42613000,2026-03-26T00:59:59.999Z,39104605.40408570,95558,273.11276000,19474834.90375840
2026-03-26T01:00:00.000Z,71299.27000000,71377.04000000,71159.06000000,71252.11000000,522.16838000,2026-03-26T01:59:59.999Z,37223820.81806010,83536,375.67576000,26781874.69912320
2026-03-26T02:00:00.000Z,71252.11000000,71289.49000000,70672.37000000,70893.01000000,575.89477000,2026-03-26T02:59:59.999Z,40837477.73900180,102953,220.80328000,15656551.85745770
2026-03-26T03:00:00.000Z,70893.01000000,70968.66000000,70685.69000000,70921.47000000,510.54950000,2026-03-26T03:59:59.999Z,36176640.00434880,84615,233.79060000,16567632.00732170
2026-03-26T04:00:00.000Z,70921.47000000,70921.47000000,70721.46000000,70772.01000000,433.11432000,2026-03-26T04:59:59.999Z,30677604.47124890,60803,263.57610000,18669337.12247830
2026-03-26T05:00:00.000Z,70772.01000000,70796.32000000,69942.96000000,70016.98000000,1271.74189000,2026-03-26T05:59:59.999Z,89549585.60970370,175909,462.52382000,32574705.29760960
2026-03-26T06:00:00.000Z,70016.97000000,70152.63000000,69855.73000000,70097.18000000,1016.19011000,2026-03-26T06:59:59.999Z,71146726.90574060,132707,613.76021000,42972143.06584420
2026-03-26T07:00:00.000Z,70097.19000000,70167.60000000,69805.00000000,70087.44000000,713.03812000,2026-03-26T07:59:59.999Z,49930100.83095070,120638,315.36266000,22081371.22891790
2026-03-26T08:00:00.000Z,70087.44000000,70127.69000000,69806.39000000,70024.77000000,510.82818000,2026-03-26T08:59:59.999Z,35730304.35018500,122097,303.56291000,21229995.86647770
2026-03-26T09:00:00.000Z,70024.78000000,70144.44000000,69409.67000000,69562.41000000,1313.07806000,2026-03-26T09:59:59.999Z,91548239.89686250,187473,627.71021000,43778129.94252300
2026-03-26T10:00:00.000Z,69562.41000000,69719.96000000,69464.58000000,69517.68000000,694.15594000,2026-03-26T10:59:59.999Z,48291498.47269580,123128,314.68491000,21892286.11693480
2026-03-26T11:00:00.000Z,69517.68000000,69667.56000000,69192.96000000,69276.01000000,803.66639000,2026-03-26T11:59:59.999Z,55784918.93694990,149846,359.46347000,24953912.48788620
2026-03-26T12:00:00.000Z,69276.01000000,69461.28000000,69226.34000000,69436.42000000,589.82378000,2026-03-26T12:59:59.999Z,40910167.57911150,117973,288.21113000,19990124.16086950
2026-03-26T13:00:00.000Z,69436.42000000,69877.45000000,69218.00000000,69646.59000000,1361.59869000,2026-03-26T13:59:59.999Z,94707511.06446120,245803,742.39884000,51644090.64018050
2026-03-26T14:00:00.000Z,69646.59000000,69837.12000000,69259.25000000,69479.92000000,943.35709000,2026-03-26T14:59:59.999Z,65638763.16332210,272787,435.51104000,30305509.96029470
2026-03-26T15:00:00.000Z,69479.91000000,69497.73000000,68632.40000000,69082.64000000,1805.07582000,2026-03-26T15:59:59.999Z,124570284.83205380,317311,756.65647000,52213606.46892630
2026-03-26T16:00:00.000Z,69082.64000000,69142.94000000,68823.21000000,68932.52000000,949.52674000,2026-03-26T16:59:59.999Z,65491568.64773330,184122,446.24046000,30784630.99431480
2026-03-26T17:00:00.000Z,68932.53000000,69162.00000000,68377.83000000,68486.86000000,1130.52816000,2026-03-26T17:59:59.999Z,77738780.80890530,163517,428.06111000,29438726.55208870
2026-03-26T18:00:00.000Z,68486.86000000,68603.75000000,68153.00000000,68497.25000000,1402.56662000,2026-03-26T18:59:59.999Z,95839395.98630270,198126,682.93004000,46667381.87473170
2026-03-26T19:00:00.000Z,68497.25000000,68681.54000000,68358.80000000,68534.36000000,543.97259000,2026-03-26T19:59:59.999Z,37281727.12943220,118557,315.76288000,21641325.13732450
2026-03-26T20:00:00.000Z,68534.37000000,69478.42000000,68436.74000000,69005.21000000,1707.65634000,2026-03-26T20:59:59.999Z,118014525.06580190,234687,927.64174000,64113784.79831310
2026-03-26T21:00:00.000Z,69005.21000000,69205.43000000,68879.05000000,68921.10000000,598.68777000,2026-03-26T21:59:59.999Z,41310055.38882210,89758,296.01404000,20424293.29033970
2026-03-26T22:00:00.000Z,68921.10000000,69028.89000000,68603.24000000,68892.67000000,484.39394000,2026-03-26T22:59:59.999Z,33338713.39423180,126742,243.12046000,16734711.59214040
2026-03-26T23:00:00.000Z,68892.66000000,68994.16000000,68640.00000000,68820.31000000,390.41835000,2026-03-26T23:59:59.999Z,26856717.83982770,89056,189.81977000,13059041.52426300
2026-03-27T00:00:00.000Z,68820.31000000,68965.15000000,68531.37000000,68785.01000000,634.46014000,2026-03-27T00:59:59.999Z,43637608.35444270,120554,337.06123000,23183515.19077490
2026-03-27T01:00:00.000Z,68785.00000000,69066.51000000,68700.00000000,69051.27000000,555.05692000,2026-03-27T01:59:59.999Z,38217927.53969280,81547,362.01475000,24927982.19117170
2026-03-27T02:00:00.000Z,69051.27000000,69179.05000000,68862.00000000,68903.59000000,948.45642000,2026-03-27T02:59:59.999Z,65424849.50742050,85960,447.90346000,30893380.64530060
2026-03-27T03:00:00.000Z,68903.58000000,68924.00000000,68668.72000000,68767.51000000,576.98772000,2026-03-27T03:59:59.999Z,39700779.07623390,83396,297.03494000,20440046.05378050
2026-03-27T04:00:00.000Z,68767.50000000,68791.40000000,68304.14000000,68578.00000000,846.47748000,2026-03-27T04:59:59.999Z,58002851.66218380,120439,433.95077000,29737791.61815070
2026-03-27T05:00:00.000Z,68577.99000000,68865.88000000,68511.79000000,68630.77000000,773.74806000,2026-03-27T05:59:59.999Z,53098355.26479390,91846,423.57139000,29069582.15651830
2026-03-27T06:00:00.000Z,68630.76000000,68846.00000000,68567.62000000,68656.15000000,672.08820000,2026-03-27T06:59:59.999Z,46206891.89150750,79741,330.01666000,22690232.86948940
2026-03-27T07:00:00.000Z,68656.16000000,68955.53000000,68399.18000000,68540.48000000,1641.76445000,2026-03-27T07:59:59.999Z,112737917.47460810,147192,855.73167000,58773096.21724510
2026-03-27T08:00:00.000Z,68540.49000000,68635.07000000,67609.29000000,67920.50000000,1817.58289000,2026-03-27T08:59:59.999Z,123695256.47474480,222657,878.24979000,59788807.39665730
2026-03-27T09:00:00.000Z,67920.51000000,67960.32000000,67548.67000000,67695.81000000,812.25094000,2026-03-27T09:59:59.999Z,55058671.90616170,140738,380.40689000,25789667.83975510
2026-03-27T10:00:00.000Z,67695.81000000,67778.99000000,66326.38000000,66502.41000000,3012.92630000,2026-03-27T10:59:59.999Z,201755480.00225630,359696,1447.77384000,96932290.38168420
2026-03-27T11:00:00.000Z,66502.41000000,66848.05000000,66231.96000000,66702.78000000,1683.20205000,2026-03-27T11:59:59.999Z,112095924.41027210,243482,792.42324000,52783138.34301580
2026-03-27T12:00:00.000Z,66702.78000000,66773.25000000,66432.19000000,66619.76000000,964.55681000,2026-03-27T12:59:59.999Z,64243646.39264250,159337,456.89131000,30433974.60731180
2026-03-27T13:00:00.000Z,66619.75000000,66757.30000000,66025.00000000,66188.32000000,2427.72498000,2026-03-27T13:59:59.999Z,161389872.55385020,335472,1283.79735000,85394815.71822820
2026-03-27T14:00:00.000Z,66188.31000000,66404.00000000,65730.17000000,66205.06000000,2475.49917000,2026-03-27T14:59:59.999Z,163380657.52300920,381936,1148.15296000,75789486.33697710
2026-03-27T15:00:00.000Z,66205.07000000,66638.25000000,65958.75000000,66112.82000000,2405.26081000,2026-03-27T15:59:59.999Z,159434669.59457590,299637,1340.55904000,88858724.24813580
2026-03-27T16:00:00.000Z,66112.82000000,66177.99000000,65812.43000000,65979.29000000,1226.73521000,2026-03-27T16:59:59.999Z,80892529.49278190,241633,603.29776000,39782159.63507740
2026-03-27T17:00:00.000Z,65979.29000000,66290.00000000,65600.00000000,65632.92000000,1002.16119000,2026-03-27T17:59:59.999Z,66069852.49488630,225333,473.59636000,31238611.31315730
2026-03-27T18:00:00.000Z,65632.93000000,65951.96000000,65548.25000000,65836.69000000,915.82085000,2026-03-27T18:59:59.999Z,60195917.08196680,206020,518.46382000,34078521.44960060
2026-03-27T19:00:00.000Z,65836.69000000,66145.00000000,65700.00000000,66040.66000000,818.34010000,2026-03-27T19:59:59.999Z,53961395.75827350,184532,502.27018000,33124195.07890060
2026-03-27T20:00:00.000Z,66040.65000000,66152.51000000,65817.44000000,66020.76000000,511.09525000,2026-03-27T20:59:59.999Z,33733833.00462220,117420,216.38785000,14282788.67307730
2026-03-27T21:00:00.000Z,66020.77000000,66186.01000000,66013.00000000,66098.00000000,636.71362000,2026-03-27T21:59:59.999Z,42098659.49136080,83512,354.24693000,23423579.44727570
2026-03-27T22:00:00.000Z,66098.00000000,66098.01000000,65920.00000000,66020.79000000,739.86415000,2026-03-27T22:59:59.999Z,48839683.54914210,74328,438.24286000,28926722.59549010
2026-03-27T23:00:00.000Z,66020.79000000,66420.75000000,65970.25000000,66407.28000000,504.92186000,2026-03-27T23:59:59.999Z,33444992.20848350,72898,246.58348000,16336916.25890550
2026-03-28T00:00:00.000Z,66407.28000000,66520.46000000,66293.35000000,66431.55000000,499.89072000,2026-03-28T00:59:59.999Z,33198383.73059700,86952,253.99010000,16866744.14287290
2026-03-28T01:00:00.000Z,66431.54000000,66431.55000000,66056.09000000,66178.85000000,613.17173000,2026-03-28T01:59:59.999Z,40598062.62694250,81732,274.16418000,18146036.74727190
2026-03-28T02:00:00.000Z,66178.86000000,66251.67000000,65932.09000000,66053.20000000,490.39923000,2026-03-28T02:59:59.999Z,32405564.61185520,81892,158.48619000,10471709.97489370
2026-03-28T03:00:00.000Z,66053.20000000,66259.66000000,66053.19000000,66240.00000000,705.96536000,2026-03-28T03:59:59.999Z,46727833.31145880,59126,398.86219000,26402259.03474300
2026-03-28T04:00:00.000Z,66240.00000000,66304.72000000,66110.00000000,66285.01000000,452.84284000,2026-03-28T04:59:59.999Z,29999288.36554050,54008,267.49518000,17722645.04930260
2026-03-28T05:00:00.000Z,66285.01000000,66407.96000000,66202.01000000,66341.90000000,675.62625000,2026-03-28T05:59:59.999Z,44802651.68009220,58286,308.16006000,20434087.52554830
2026-03-28T06:00:00.000Z,66341.90000000,66500.00000000,66308.93000000,66382.00000000,485.97016000,2026-03-28T06:59:59.999Z,32279881.08608260,61628,239.82130000,15932664.06082510
2026-03-28T07:00:00.000Z,66382.00000000,66573.61000000,66379.80000000,66561.48000000,737.38217000,2026-03-28T07:59:59.999Z,49008730.42809200,55289,528.61544000,35132294.97251470
2026-03-28T08:00:00.000Z,66561.49000000,66570.09000000,66387.06000000,66409.33000000,708.34892000,2026-03-28T08:59:59.999Z,47109348.13096850,58942,309.31577000,20571372.90265460
2026-03-28T09:00:00.000Z,66409.34000000,66416.77000000,66243.01000000,66311.32000000,634.09125000,2026-03-28T09:59:59.999Z,42060968.71219830,66035,169.54262000,11247552.72556790
2026-03-28T10:00:00.000Z,66311.32000000,66411.79000000,66124.40000000,66221.38000000,306.12343000,2026-03-28T10:59:59.999Z,20270327.11429730,55392,106.70232000,7067965.97305440
2026-03-28T11:00:00.000Z,66221.37000000,66358.00000000,66201.91000000,66319.47000000,223.42305000,2026-03-28T11:59:59.999Z,14811128.88993230,39646,125.74980000,8336416.14979270
2026-03-28T12:00:00.000Z,66319.46000000,66527.01000000,66240.87000000,66455.09000000,344.10648000,2026-03-28T12:59:59.999Z,22849246.77835190,58182,179.04094000,11891456.95158850
2026-03-28T13:00:00.000Z,66455.10000000,67163.99000000,66407.65000000,66835.10000000,1040.57902000,2026-03-28T13:59:59.999Z,69551960.55470730,152404,624.10109000,41711212.07157030
2026-03-28T14:00:00.000Z,66835.10000000,66967.01000000,66666.66000000,66742.10000000,570.49869000,2026-03-28T14:59:59.999Z,38117986.24507360,111938,321.46897000,21481176.47366880
2026-03-28T15:00:00.000Z,66742.09000000,67288.94000000,66717.15000000,67014.91000000,771.68723000,2026-03-28T15:59:59.999Z,51762619.75640430,123867,426.80379000,28630215.47913870
2026-03-28T16:00:00.000Z,67014.92000000,67096.77000000,66855.24000000,66926.95000000,342.70522000,2026-03-28T16:59:59.999Z,22957664.80798840,81526,163.81057000,10973430.33520100
2026-03-28T17:00:00.000Z,66926.94000000,66996.61000000,66704.00000000,66846.21000000,310.89662000,2026-03-28T17:59:59.999Z,20778271.03807040,73845,123.03056000,8222725.68567650
2026-03-28T18:00:00.000Z,66846.20000000,66963.51000000,66834.87000000,66908.03000000,234.04169000,2026-03-28T18:59:59.999Z,15658519.19937320,51292,139.67782000,9345477.71669750
2026-03-28T19:00:00.000Z,66908.03000000,66954.00000000,66804.71000000,66916.52000000,202.96743000,2026-03-28T19:59:59.999Z,13572206.76522950,38464,116.55076000,7793627.06331720
2026-03-28T20:00:00.000Z,66916.52000000,67010.00000000,66906.00000000,66906.00000000,262.72665000,2026-03-28T20:59:59.999Z,17588464.20197540,45447,107.16677000,7175802.52017680
2026-03-28T21:00:00.000Z,66906.00000000,66926.31000000,66600.01000000,66685.53000000,291.07026000,2026-03-28T21:59:59.999Z,19443582.67514620,59678,175.66351000,11735449.68495740
2026-03-28T22:00:00.000Z,66685.53000000,66788.88000000,66588.22000000,66755.88000000,224.47432000,2026-03-28T22:59:59.999Z,14971273.66856520,50568,104.16716000,6949577.79658260
2026-03-28T23:00:00.000Z,66755.88000000,66755.88000000,66283.38000000,66377.03000000,333.40975000,2026-03-28T23:59:59.999Z,22152291.06811790,81229,130.65415000,8679511.18623170
2026-03-29T00:00:00.000Z,66377.04000000,66500.00000000,66281.40000000,66487.93000000,285.17232000,2026-03-29T00:59:59.999Z,18940104.94820780,82249,126.84241000,8424578.82749150
2026-03-29T01:00:00.000Z,66487.93000000,66620.00000000,66385.88000000,66569.22000000,295.19169000,2026-03-29T01:59:59.999Z,19638233.74433780,81651,162.49466000,10810788.05421410
2026-03-29T02:00:00.000Z,66569.22000000,66843.66000000,66540.96000000,66818.00000000,293.83335000,2026-03-29T02:59:59.999Z,19596896.20456650,66072,197.94022000,13202105.62320330
2026-03-29T03:00:00.000Z,66818.01000000,67130.50000000,66760.48000000,66912.00000000,660.94660000,2026-03-29T03:59:59.999Z,44197998.49011220,84748,329.17045000,22016104.15187850
2026-03-29T04:00:00.000Z,66912.00000000,66936.60000000,66717.51000000,66735.14000000,168.57240000,2026-03-29T04:59:59.999Z,11266114.99487320,46319,58.55915000,3913497.84029010
2026-03-29T05:00:00.000Z,66735.14000000,66828.05000000,66597.10000000,66771.94000000,418.44564000,2026-03-29T05:59:59.999Z,27908273.43996750,62496,243.37547000,16232661.86258790
2026-03-29T06:00:00.000Z,66771.94000000,66872.00000000,66636.00000000,66738.50000000,418.74617000,2026-03-29T06:59:59.999Z,27951565.13837390,55633,149.68160000,9990325.55984940
2026-03-29T07:00:00.000Z,66738.50000000,66752.61000000,66556.78000000,66671.00000000,346.10727000,2026-03-29T07:59:59.999Z,23069578.64439460,55863,199.10967000,13272503.20192490
2026-03-29T08:00:00.000Z,66671.00000000,66772.83000000,66600.00000000,66724.00000000,177.06023000,2026-03-29T08:59:59.999Z,11809344.07038730,47081,84.54094000,5638791.59947480
2026-03-29T09:00:00.000Z,66724.00000000,66773.02000000,66549.54000000,66634.01000000,225.04256000,2026-03-29T09:59:59.999Z,14999460.68788890,56907,108.63086000,7239577.49127540
2026-03-29T10:00:00.000Z,66634.01000000,66634.02000000,66418.00000000,66502.79000000,345.86500000,2026-03-29T10:59:59.999Z,23003006.56560780,73703,122.78482000,8165965.87762510
2026-03-29T11:00:00.000Z,66502.80000000,66988.01000000,66502.79000000,66816.28000000,336.66276000,2026-03-29T11:59:59.999Z,22490938.69090860,90165,197.28348000,13178206.89287250
2026-03-29T12:00:00.000Z,66816.29000000,66870.34000000,66703.07000000,66849.88000000,185.85649000,2026-03-29T12:59:59.999Z,12412904.91069540,53525,95.03955000,6347672.53872590
2026-03-29T13:00:00.000Z,66849.88000000,66875.24000000,66524.28000000,66580.36000000,359.56390000,2026-03-29T13:59:59.999Z,23967113.07042310,89576,164.70360000,10980759.96393000
2026-03-29T14:00:00.000Z,66580.36000000,66797.01000000,66461.00000000,66589.64000000,372.89659000,2026-03-29T14:59:59.999Z,24825800.47702180,96230,173.48873000,11550874.03406920
2026-03-29T15:00:00.000Z,66589.64000000,66730.60000000,66334.37000000,66523.00000000,518.27098000,2026-03-29T15:59:59.999Z,34458876.40497450,100232,306.15063000,20351170.21320600
2026-03-29T16:00:00.000Z,66523.01000000,66665.05000000,66435.75000000,66499.35000000,232.56305000,2026-03-29T16:59:59.999Z,15477285.40014270,87108,108.53350000,7223766.57586420
2026-03-29T17:00:00.000Z,66499.36000000,66546.00000000,66158.26000000,66385.84000000,329.15631000,2026-03-29T17:59:59.999Z,21833050.07970720,82544,132.67343000,8801351.40797650
2026-03-29T18:00:00.000Z,66385.84000000,66540.43000000,66321.66000000,66427.26000000,147.43013000,2026-03-29T18:59:59.999Z,9792814.76441670,51700,67.75683000,4500521.86854970
2026-03-29T19:00:00.000Z,66427.27000000,66477.81000000,66323.30000000,66348.62000000,285.67371000,2026-03-29T19:59:59.999Z,18971928.21894960,47271,122.71443000,8150127.11126790
2026-03-29T20:00:00.000Z,66348.61000000,66793.83000000,66348.61000000,66614.05000000,280.05501000,2026-03-29T20:59:59.999Z,18652992.28249030,58968,180.66258000,12032143.93926560
2026-03-29T21:00:00.000Z,66614.04000000,66756.51000000,66509.41000000,66710.12000000,220.10647000,2026-03-29T21:59:59.999Z,14666917.30324230,52885,120.26873000,8013792.41874220
2026-03-29T22:00:00.000Z,66710.12000000,66710.12000000,65000.00000000,65860.31000000,2219.11979000,2026-03-29T22:59:59.999Z,145606882.14173930,353171,822.87419000,53991856.66233880
2026-03-29T23:00:00.000Z,65860.31000000,66382.98000000,65859.91000000,66010.93000000,930.51742000,2026-03-29T23:59:59.999Z,61465436.93255800,270080,494.14839000,32644953.63356340
2026-03-30T00:00:00.000Z,66010.93000000,67059.66000000,65800.59000000,66280.25000000,1328.87485000,2026-03-30T00:59:59.999Z,88402491.31970130,387565,749.35114000,49868470.81385670
2026-03-30T01:00:00.000Z,66280.24000000,66834.79000000,66280.24000000,66653.74000000,685.87133000,2026-03-30T01:59:59.999Z,45674533.58327200,192774,423.33421000,28187763.86759410
2026-03-30T02:00:00.000Z,66653.74000000,67450.00000000,66580.01000000,67121.01000000,1220.60217000,2026-03-30T02:59:59.999Z,81805777.58719890,219056,659.48037000,44204253.28901350
2026-03-30T03:00:00.000Z,67121.01000000,67319.33000000,66977.62000000,67173.80000000,466.26604000,2026-03-30T03:59:59.999Z,31308868.61222050,153126,246.45355000,16550547.64911570
2026-03-30T04:00:00.000Z,67173.80000000,67650.01000000,67167.92000000,67616.29000000,809.57231000,2026-03-30T04:59:59.999Z,54608345.18390010,162626,450.76391000,30405399.77046790
2026-03-30T05:00:00.000Z,67616.28000000,67800.00000000,67442.00000000,67492.46000000,627.15632000,2026-03-30T05:59:59.999Z,42407043.35755640,137903,336.04717000,22721900.36901580
2026-03-30T06:00:00.000Z,67492.46000000,67585.97000000,67278.53000000,67305.14000000,721.78350000,2026-03-30T06:59:59.999Z,48625206.80942410,114040,314.70465000,21201650.04250460
2026-03-30T07:00:00.000Z,67305.14000000,67624.39000000,67227.88000000,67624.39000000,584.47106000,2026-03-30T07:59:59.999Z,39388711.28276530,111767,322.58642000,21745220.19611210
2026-03-30T08:00:00.000Z,67624.39000000,67946.02000000,67604.56000000,67666.44000000,1729.15176000,2026-03-30T08:59:59.999Z,117207953.19493650,156355,790.15228000,53573851.27686670
2026-03-30T09:00:00.000Z,67666.44000000,67698.62000000,67460.00000000,67495.46000000,607.44273000,2026-03-30T09:59:59.999Z,41049251.42729010,90232,242.19580000,16364397.99514240
2026-03-30T10:00:00.000Z,67495.46000000,67518.37000000,67360.41000000,67488.53000000,255.63666000,2026-03-30T10:59:59.999Z,17240420.98475330,66480,106.06820000,7153604.87660070
2026-03-30T11:00:00.000Z,67488.88000000,68042.30000000,67488.88000000,67680.45000000,790.86208000,2026-03-30T11:59:59.999Z,53545353.66344450,159590,389.43944000,26377977.27253870
2026-03-30T12:00:00.000Z,67680.44000000,67979.93000000,67666.17000000,67899.59000000,627.65449000,2026-03-30T12:59:59.999Z,42602883.93704980,141000,375.02544000,25455834.68739860
2026-03-30T13:00:00.000Z,67899.59000000,68169.65000000,67428.57000000,67529.52000000,1379.99177000,2026-03-30T13:59:59.999Z,93664794.04403380,251500,527.42492000,35808167.70578680
2026-03-30T14:00:00.000Z,67529.52000000,67864.49000000,67088.73000000,67799.54000000,1205.57197000,2026-03-30T14:59:59.999Z,81266034.65626510,286048,568.28367000,38323396.47323420
2026-03-30T15:00:00.000Z,67799.54000000,67896.89000000,67407.63000000,67629.40000000,964.70473000,2026-03-30T15:59:59.999Z,65275371.15218500,206064,477.05590000,32282253.63977170
2026-03-30T16:00:00.000Z,67629.40000000,67641.65000000,67222.00000000,67368.10000000,660.26793000,2026-03-30T16:59:59.999Z,44495882.45370800,167931,340.22315000,22931018.95730530
2026-03-30T17:00:00.000Z,67368.10000000,67465.20000000,66650.00000000,66828.02000000,917.71373000,2026-03-30T17:59:59.999Z,61464310.69725980,202805,392.80381000,26302133.13410110
2026-03-30T18:00:00.000Z,66828.02000000,66929.18000000,66508.25000000,66653.46000000,498.11738000,2026-03-30T18:59:59.999Z,33224348.75775090,131192,231.61494000,15450459.53656880
2026-03-30T19:00:00.000Z,66653.45000000,66664.57000000,66233.13000000,66550.05000000,597.89786000,2026-03-30T19:59:59.999Z,39708455.61995380,174554,264.65959000,17577067.90727730
2026-03-30T20:00:00.000Z,66550.06000000,66691.48000000,66523.75000000,66651.40000000,324.61202000,2026-03-30T20:59:59.999Z,21626734.13750420,97052,186.60819000,12432587.33779930
2026-03-30T21:00:00.000Z,66651.41000000,66994.17000000,66587.32000000,66809.30000000,481.42200000,2026-03-30T21:59:59.999Z,32176094.05658280,103837,300.52215000,20086689.42286470
2026-03-30T22:00:00.000Z,66809.30000000,66989.10000000,66683.72000000,66784.98000000,169.50316000,2026-03-30T22:59:59.999Z,11323907.01066270,84983,88.94477000,5942175.39689690
2026-03-30T23:00:00.000Z,66784.97000000,66797.38000000,66419.79000000,66797.37000000,698.24190000,2026-03-30T23:59:59.999Z,46524917.36265630,104369,372.17526000,24801157.23354730
2026-03-31T00:00:00.000Z,66797.38000000,67303.33000000,66544.51000000,67208.75000000,658.94529000,2026-03-31T00:59:59.999Z,44099695.95802050,191088,393.59593000,26337297.18462730
2026-03-31T01:00:00.000Z,67208.74000000,68408.37000000,67050.00000000,67938.54000000,1458.05548000,2026-03-31T01:59:59.999Z,99050575.10019290,292849,873.13890000,59302635.77809830
2026-03-31T02:00:00.000Z,67938.05000000,68096.87000000,67775.18000000,67943.43000000,435.18783000,2026-03-31T02:59:59.999Z,29578428.18537370,128083,208.78517000,14193436.69793270
2026-03-31T03:00:00.000Z,67943.43000000,68009.99000000,67648.20000000,67704.74000000,387.87365000,2026-03-31T03:59:59.999Z,26289906.18248110,105922,146.71679000,9947468.19427580
2026-03-31T04:00:00.000Z,67704.74000000,67979.38000000,67405.89000000,67544.01000000,1149.88888000,2026-03-31T04:59:59.999Z,77791058.60147990,123939,414.63081000,28072242.56284930
2026-03-31T05:00:00.000Z,67544.01000000,67780.34000000,67400.00000000,67681.68000000,653.43122000,2026-03-31T05:59:59.999Z,44182442.32722170,133582,376.73227000,25475279.72172830
2026-03-31T06:00:00.000Z,67681.69000000,67711.02000000,67333.33000000,67492.85000000,511.27605000,2026-03-31T06:59:59.999Z,34498903.01793590,121493,217.23934000,14658196.15887340
2026-03-31T07:00:00.000Z,67492.86000000,67524.65000000,67103.32000000,67367.69000000,1579.98188000,2026-03-31T07:59:59.999Z,106359970.37887380,145622,605.41659000,40752722.83813930
2026-03-31T08:00:00.000Z,67367.70000000,67496.00000000,66688.68000000,66778.33000000,897.84489000,2026-03-31T08:59:59.999Z,60236165.71417170,174041,260.15629000,17440128.50515050
2026-03-31T09:00:00.000Z,66778.34000000,66924.33000000,65998.05000000,66124.99000000,1512.48446000,2026-03-31T09:59:59.999Z,100534455.69498610,239700,619.46699000,41195786.67252270
2026-03-31T10:00:00.000Z,66125.00000000,66471.08000000,66100.01000000,66363.38000000,788.27557000,2026-03-31T10:59:59.999Z,52286554.16901580,145303,446.23322000,29600794.36372680
2026-03-31T11:00:00.000Z,66363.38000000,66922.58000000,66240.14000000,66685.69000000,989.38590000,2026-03-31T11:59:59.999Z,65932634.07422250,203458,585.61079000,39041757.43658500
2026-03-31T12:00:00.000Z,66685.69000000,66939.90000000,66520.71000000,66653.26000000,539.00678000,2026-03-31T12:59:59.999Z,35968795.42615870,164024,249.72259000,16669203.41980990
2026-03-31T13:00:00.000Z,66653.27000000,67412.11000000,66653.27000000,67302.29000000,1087.22021000,2026-03-31T13:59:59.999Z,72908698.11796710,258227,516.73142000,34659481.95901590
2026-03-31T14:00:00.000Z,67302.28000000,67767.87000000,66427.53000000,66587.45000000,1485.37387000,2026-03-31T14:59:59.999Z,99828835.82544670,390117,615.24153000,41366461.52203150
2026-03-31T15:00:00.000Z,66587.46000000,67283.25000000,66587.46000000,66736.80000000,1025.58837000,2026-03-31T15:59:59.999Z,68683924.15282990,312283,471.74334000,31592794.24344920
2026-03-31T16:00:00.000Z,66736.79000000,68030.19000000,66729.28000000,67665.83000000,1334.03651000,2026-03-31T16:59:59.999Z,90073634.23369340,426038,791.73792000,53466071.56471700
2026-03-31T17:00:00.000Z,67665.83000000,68589.49000000,67403.81000000,67526.75000000,2195.81331000,2026-03-31T17:59:59.999Z,149343648.76112850,448962,1202.72660000,81809747.02542920
2026-03-31T18:00:00.000Z,67526.76000000,67947.98000000,67526.30000000,67854.05000000,426.40012000,2026-03-31T18:59:59.999Z,28895375.38281240,185882,239.23889000,16210906.26900550
2026-03-31T19:00:00.000Z,67854.04000000,68029.41000000,67716.35000000,67838.80000000,435.24470000,2026-03-31T19:59:59.999Z,29547211.87706960,175714,226.51613000,15378912.27715780
2026-03-31T20:00:00.000Z,67838.79000000,68267.27000000,67831.70000000,68265.53000000,693.06575000,2026-03-31T20:59:59.999Z,47172293.05023890,124089,410.82614000,27963636.23158320
2026-03-31T21:00:00.000Z,68265.53000000,68410.30000000,67884.00000000,68277.99000000,494.48096000,2026-03-31T21:59:59.999Z,33688500.93994790,141839,250.24542000,17052115.05753510
2026-03-31T22:00:00.000Z,68278.00000000,68341.16000000,67962.27000000,68172.87000000,755.55219000,2026-03-31T22:59:59.999Z,51503495.35879560,117127,264.28520000,18016406.72774300
2026-03-31T23:00:00.000Z,68173.59000000,68371.10000000,68090.20000000,68284.48000000,610.99275000,2026-03-31T23:59:59.999Z,41713284.92481030,97438,339.44435000,23175210.35477520
2026-04-01T00:00:00.000Z,68284.49000000,68343.77000000,67853.30000000,68330.75000000,542.79511000,2026-04-01T00:59:59.999Z,36964428.93061490,141298,252.65587000,17213688.18016080
2026-04-01T01:00:00.000Z,68330.76000000,68378.64000000,67760.33000000,67782.73000000,966.68117000,2026-04-01T01:59:59.999Z,65737891.74542960,152219,451.41432000,30707390.32154280
2026-04-01T02:00:00.000Z,67782.74000000,67913.98000000,67578.75000000,67668.89000000,1114.17912000,2026-04-01T02:59:59.999Z,75488162.13177470,130482,649.11440000,43985748.97755530
2026-04-01T03:00:00.000Z,67668.90000000,68250.00000000,67668.90000000,68170.67000000,551.94514000,2026-04-01T03:59:59.999Z,37558350.26551910,120855,349.53131000,23783777.99938570
2026-04-01T04:00:00.000Z,68170.67000000,68476.26000000,68005.33000000,68303.83000000,711.87735000,2026-04-01T04:59:59.999Z,48535951.60710270,120404,337.86260000,23046727.78343420
2026-04-01T05:00:00.000Z,68303.83000000,68308.25000000,68150.00000000,68200.48000000,85.61819000,2026-04-01T05:59:59.999Z,5839425.02829260,20442,28.32671000,1931917.22637480